-- MySQL Script generated by MySQL Workbench
-- MySQL Workbench Forward Engineering
-- Se já existir o schema "RH", descomentar a linha abaixo
-- DROP SCHEMA `RH`;
DROP SCHEMA IF EXISTS RH;

CREATE SCHEMA IF NOT EXISTS `RH` DEFAULT CHARACTER SET utf8 COLLATE utf8_general_ci ;
USE `RH` ;

-- -----------------------------------------------------
-- Table `RH`.`CARGOS`
-- -----------------------------------------------------
CREATE TABLE IF NOT EXISTS `RH`.`CARGOS` (
  `Cargo_ID` INT NOT NULL,
  `Titulo` VARCHAR(45) NULL,
  `Salario_Min` DOUBLE NULL,
  `Salario_Max` DOUBLE NULL,
  PRIMARY KEY (`Cargo_ID`))
ENGINE = InnoDB;


-- -----------------------------------------------------
-- Table `RH`.`DEPARTAMENTOS`
-- -----------------------------------------------------
CREATE TABLE IF NOT EXISTS `RH`.`DEPARTAMENTOS` (
  `Depto_ID` INT NOT NULL,
  `Nome_Depto` VARCHAR(45) NULL,
  `Gerente_ID` INT NULL,
  PRIMARY KEY (`Depto_ID`))
ENGINE = InnoDB;


-- -----------------------------------------------------
-- Table `RH`.`EMPREGADOS`
-- -----------------------------------------------------
CREATE TABLE IF NOT EXISTS `RH`.`EMPREGADOS` (
  `Empregados_ID` INT NOT NULL,
  `Primeiro_Nome` VARCHAR(20) NOT NULL,
  `Ultimo_Nome` VARCHAR(25) NOT NULL,
  `EMail` VARCHAR(25) NULL,
  `Telefone` VARCHAR(20) NULL,
  `Cargo_ID` INT NULL,
  `Salario` DOUBLE NULL,
  `Depto_ID` INT NULL,
  `Gerente_ID` INT NULL,
  PRIMARY KEY (`Empregados_ID`),
  CONSTRAINT `fk_EMPREGADOS_CARGOS`
    FOREIGN KEY (`Cargo_ID`)
    REFERENCES `RH`.`CARGOS` (`Cargo_ID`),
  CONSTRAINT `fk_EMPREGADOS_DEPARTAMENTOS1`
    FOREIGN KEY (`Depto_ID`)
    REFERENCES `RH`.`DEPARTAMENTOS` (`Depto_ID`))
ENGINE = InnoDB;

-- Dados CARGOS
INSERT INTO CARGOS (CARGO_ID, TITULO, SALARIO_MIN, SALARIO_MAX) VALUES (1,'President',20000,40000);
INSERT INTO CARGOS (CARGO_ID, TITULO, SALARIO_MIN, SALARIO_MAX) VALUES (2,'AdministrationVicePresident',15000,30000);
INSERT INTO CARGOS (CARGO_ID, TITULO, SALARIO_MIN, SALARIO_MAX) VALUES (3,'AdministrationAssistant',3000,6000);
INSERT INTO CARGOS (CARGO_ID, TITULO, SALARIO_MIN, SALARIO_MAX) VALUES (4,'FinanceManager',8200,16000);
INSERT INTO CARGOS (CARGO_ID, TITULO, SALARIO_MIN, SALARIO_MAX) VALUES (5,'Accountant',4200,9000);
INSERT INTO CARGOS (CARGO_ID, TITULO, SALARIO_MIN, SALARIO_MAX) VALUES (6,'AccountingManager',8200,16000);
INSERT INTO CARGOS (CARGO_ID, TITULO, SALARIO_MIN, SALARIO_MAX) VALUES (7,'PublicAccountant',4200,9000);
INSERT INTO CARGOS (CARGO_ID, TITULO, SALARIO_MIN, SALARIO_MAX) VALUES (8,'SalesManager',10000,20000);
INSERT INTO CARGOS (CARGO_ID, TITULO, SALARIO_MIN, SALARIO_MAX) VALUES (9,'SalesRepresentative',6000,12000);
INSERT INTO CARGOS (CARGO_ID, TITULO, SALARIO_MIN, SALARIO_MAX) VALUES (10,'PurchasingManager',8000,15000);
INSERT INTO CARGOS (CARGO_ID, TITULO, SALARIO_MIN, SALARIO_MAX) VALUES (11,'PurchasingClerk',2500,5500);
INSERT INTO CARGOS (CARGO_ID, TITULO, SALARIO_MIN, SALARIO_MAX) VALUES (12,'StockManager',5500,8500);
INSERT INTO CARGOS (CARGO_ID, TITULO, SALARIO_MIN, SALARIO_MAX) VALUES (13,'StockClerk',2000,5000);
INSERT INTO CARGOS (CARGO_ID, TITULO, SALARIO_MIN, SALARIO_MAX) VALUES (14,'ShippingClerk',2500,5500);
INSERT INTO CARGOS (CARGO_ID, TITULO, SALARIO_MIN, SALARIO_MAX) VALUES (15,'Programmer',4000,10000);
INSERT INTO CARGOS (CARGO_ID, TITULO, SALARIO_MIN, SALARIO_MAX) VALUES (16,'MarketingManager',9000,15000);
INSERT INTO CARGOS (CARGO_ID, TITULO, SALARIO_MIN, SALARIO_MAX) VALUES (17,'MarketingRepresentative',4000,9000);
INSERT INTO CARGOS (CARGO_ID, TITULO, SALARIO_MIN, SALARIO_MAX) VALUES (18,'HumanResourcesRepresentative',4000,9000);
INSERT INTO CARGOS (CARGO_ID, TITULO, SALARIO_MIN, SALARIO_MAX) VALUES (19,'PublicRelationsRepresentative',4500,10500);

-- Dados Departamentos
INSERT INTO DEPARTAMENTOS (DEPTO_ID,NOME_DEPTO,GERENTE_ID) VALUES (10,'Administration',200);
INSERT INTO DEPARTAMENTOS (DEPTO_ID,NOME_DEPTO,GERENTE_ID) VALUES (20,'Marketing',201);
INSERT INTO DEPARTAMENTOS (DEPTO_ID,NOME_DEPTO,GERENTE_ID) VALUES (30,'Purchasing',114);
INSERT INTO DEPARTAMENTOS (DEPTO_ID,NOME_DEPTO,GERENTE_ID) VALUES (40,'HumanResources',203);
INSERT INTO DEPARTAMENTOS (DEPTO_ID,NOME_DEPTO,GERENTE_ID) VALUES (50,'Shipping',121);
INSERT INTO DEPARTAMENTOS (DEPTO_ID,NOME_DEPTO,GERENTE_ID) VALUES (60,'IT',103);
INSERT INTO DEPARTAMENTOS (DEPTO_ID,NOME_DEPTO,GERENTE_ID) VALUES (70,'PublicRelations',204);
INSERT INTO DEPARTAMENTOS (DEPTO_ID,NOME_DEPTO,GERENTE_ID) VALUES (80,'Sales',145);
INSERT INTO DEPARTAMENTOS (DEPTO_ID,NOME_DEPTO,GERENTE_ID) VALUES (90,'Executive',100);
INSERT INTO DEPARTAMENTOS (DEPTO_ID,NOME_DEPTO,GERENTE_ID) VALUES (100,'Finance',108);
INSERT INTO DEPARTAMENTOS (DEPTO_ID,NOME_DEPTO,GERENTE_ID) VALUES (110,'Accounting',205);
INSERT INTO DEPARTAMENTOS (DEPTO_ID,NOME_DEPTO,GERENTE_ID) VALUES (120,'Treasury',NULL);
INSERT INTO DEPARTAMENTOS (DEPTO_ID,NOME_DEPTO,GERENTE_ID) VALUES (130,'CorporateTax',NULL);
INSERT INTO DEPARTAMENTOS (DEPTO_ID,NOME_DEPTO,GERENTE_ID) VALUES (140,'ControlAndCredit',NULL);
INSERT INTO DEPARTAMENTOS (DEPTO_ID,NOME_DEPTO,GERENTE_ID) VALUES (150,'ShareholderServices',NULL);
INSERT INTO DEPARTAMENTOS (DEPTO_ID,NOME_DEPTO,GERENTE_ID) VALUES (160,'Benefits',NULL);
INSERT INTO DEPARTAMENTOS (DEPTO_ID,NOME_DEPTO,GERENTE_ID) VALUES (170,'Manufacturing',NULL);
INSERT INTO DEPARTAMENTOS (DEPTO_ID,NOME_DEPTO,GERENTE_ID) VALUES (180,'Construction',NULL);
INSERT INTO DEPARTAMENTOS (DEPTO_ID,NOME_DEPTO,GERENTE_ID) VALUES (190,'Contracting',NULL);
INSERT INTO DEPARTAMENTOS (DEPTO_ID,NOME_DEPTO,GERENTE_ID) VALUES (200,'Operations',NULL);
INSERT INTO DEPARTAMENTOS (DEPTO_ID,NOME_DEPTO,GERENTE_ID) VALUES (210,'ITSupport',NULL);
INSERT INTO DEPARTAMENTOS (DEPTO_ID,NOME_DEPTO,GERENTE_ID) VALUES (220,'NOC',NULL);
INSERT INTO DEPARTAMENTOS (DEPTO_ID,NOME_DEPTO,GERENTE_ID) VALUES (230,'ITHelpdesk',NULL);
INSERT INTO DEPARTAMENTOS (DEPTO_ID,NOME_DEPTO,GERENTE_ID) VALUES (240,'GovernmentSales',NULL);
INSERT INTO DEPARTAMENTOS (DEPTO_ID,NOME_DEPTO,GERENTE_ID) VALUES (250,'RetailSales',NULL);
INSERT INTO DEPARTAMENTOS (DEPTO_ID,NOME_DEPTO,GERENTE_ID) VALUES (260,'Recruiting',NULL);
INSERT INTO DEPARTAMENTOS (DEPTO_ID,NOME_DEPTO,GERENTE_ID) VALUES (270,'Payroll',NULL);

-- Dados Empregados
INSERT INTO EMPREGADOS (Empregados_ID, Primeiro_Nome, Ultimo_Nome, EMail, Telefone, Cargo_ID, Salario, Gerente_ID, Depto_ID) VALUES
(100,'Steven','King','SKING','5151234567',1,24000.00,0,90);
INSERT INTO EMPREGADOS (Empregados_ID, Primeiro_Nome, Ultimo_Nome, EMail, Telefone, Cargo_ID, Salario, Gerente_ID, Depto_ID) VALUES
(101,'Neena','Kochhar','NKOCHHAR','5151234568',2,17000.00,100,90);
INSERT INTO EMPREGADOS (Empregados_ID, Primeiro_Nome, Ultimo_Nome, EMail, Telefone, Cargo_ID, Salario, Gerente_ID, Depto_ID) VALUES
(102,'Lex','DeHaan','LDEHAAN','5151234569',2,17000.00,100,90);
INSERT INTO EMPREGADOS (Empregados_ID, Primeiro_Nome, Ultimo_Nome, EMail, Telefone, Cargo_ID, Salario, Gerente_ID, Depto_ID) VALUES
(103,'Alexander','Hunold','AHUNOLD','5904234567',15,9000.00,102,60);
INSERT INTO EMPREGADOS (Empregados_ID, Primeiro_Nome, Ultimo_Nome, EMail, Telefone, Cargo_ID, Salario, Gerente_ID, Depto_ID) VALUES
(104,'Bruce','Ernst','BERNST','5904234568',15,6000.00,103,60);
INSERT INTO EMPREGADOS (Empregados_ID, Primeiro_Nome, Ultimo_Nome, EMail, Telefone, Cargo_ID, Salario, Gerente_ID, Depto_ID) VALUES
(105,'David','Austin','DAUSTIN','5904234569',15,4800.00,103,60);
INSERT INTO EMPREGADOS (Empregados_ID, Primeiro_Nome, Ultimo_Nome, EMail, Telefone, Cargo_ID, Salario, Gerente_ID, Depto_ID) VALUES
(106,'Valli','Pataballa','VPATABAL','5904234560',15,4800.00,103,60);
INSERT INTO EMPREGADOS (Empregados_ID, Primeiro_Nome, Ultimo_Nome, EMail, Telefone, Cargo_ID, Salario, Gerente_ID, Depto_ID) VALUES
(107,'Diana','Lorentz','DLORENTZ','5904235567',15,4200.00,103,60);
INSERT INTO EMPREGADOS (Empregados_ID, Primeiro_Nome, Ultimo_Nome, EMail, Telefone, Cargo_ID, Salario, Gerente_ID, Depto_ID) VALUES
(108,'Nancy','Greenberg','NGREENBE','5151244569',4,12000.00,101,100);
INSERT INTO EMPREGADOS (Empregados_ID, Primeiro_Nome, Ultimo_Nome, EMail, Telefone, Cargo_ID, Salario, Gerente_ID, Depto_ID) VALUES
(109,'Daniel','Faviet','DFAVIET','5151244169',5,9000.00,108,100);
INSERT INTO EMPREGADOS (Empregados_ID, Primeiro_Nome, Ultimo_Nome, EMail, Telefone, Cargo_ID, Salario, Gerente_ID, Depto_ID) VALUES
(110,'John','Chen','JCHEN','5151244269',5,8200.00,108,100);
INSERT INTO EMPREGADOS (Empregados_ID, Primeiro_Nome, Ultimo_Nome, EMail, Telefone, Cargo_ID, Salario, Gerente_ID, Depto_ID) VALUES
(111,'Ismael','Sciarra','ISCIARRA','5151244369',5,7700.00,108,100);
INSERT INTO EMPREGADOS (Empregados_ID, Primeiro_Nome, Ultimo_Nome, EMail, Telefone, Cargo_ID, Salario, Gerente_ID, Depto_ID) VALUES
(112,'JoseManuel','Urman','JMURMAN','5151244469',5,7800.00,108,100);
INSERT INTO EMPREGADOS (Empregados_ID, Primeiro_Nome, Ultimo_Nome, EMail, Telefone, Cargo_ID, Salario, Gerente_ID, Depto_ID) VALUES
(113,'Luis','Popp','LPOPP','5151244567',5,6900.00,108,100);
INSERT INTO EMPREGADOS (Empregados_ID, Primeiro_Nome, Ultimo_Nome, EMail, Telefone, Cargo_ID, Salario, Gerente_ID, Depto_ID) VALUES
(114,'Den','Raphaely','DRAPHEAL','5151274561',10,11000.00,100,30);
INSERT INTO EMPREGADOS (Empregados_ID, Primeiro_Nome, Ultimo_Nome, EMail, Telefone, Cargo_ID, Salario, Gerente_ID, Depto_ID) VALUES
(115,'Alexander','Khoo','AKHOO','5151274562',11,3100.00,114,30);
INSERT INTO EMPREGADOS (Empregados_ID, Primeiro_Nome, Ultimo_Nome, EMail, Telefone, Cargo_ID, Salario, Gerente_ID, Depto_ID) VALUES
(116,'Shelli','Baida','SBAIDA','5151274563',11,2900.00,114,30);
INSERT INTO EMPREGADOS (Empregados_ID, Primeiro_Nome, Ultimo_Nome, EMail, Telefone, Cargo_ID, Salario, Gerente_ID, Depto_ID) VALUES
(117,'Sigal','Tobias','STOBIAS','5151274564',11,2800.00,114,30);
INSERT INTO EMPREGADOS (Empregados_ID, Primeiro_Nome, Ultimo_Nome, EMail, Telefone, Cargo_ID, Salario, Gerente_ID, Depto_ID) VALUES
(118,'Guy','Himuro','GHIMURO','5151274565',11,2600.00,114,30);
INSERT INTO EMPREGADOS (Empregados_ID, Primeiro_Nome, Ultimo_Nome, EMail, Telefone, Cargo_ID, Salario, Gerente_ID, Depto_ID) VALUES
(119,'Karen','Colmenares','KCOLMENA','5151274566',11,2500.00,114,30);
INSERT INTO EMPREGADOS (Empregados_ID, Primeiro_Nome, Ultimo_Nome, EMail, Telefone, Cargo_ID, Salario, Gerente_ID, Depto_ID) VALUES
(120,'Matthew','Weiss','MWEISS','6501231234',12,8000.00,100,50);
INSERT INTO EMPREGADOS (Empregados_ID, Primeiro_Nome, Ultimo_Nome, EMail, Telefone, Cargo_ID, Salario, Gerente_ID, Depto_ID) VALUES
(121,'Adam','Fripp','AFRIPP','6501232234',12,8200.00,100,50);
INSERT INTO EMPREGADOS (Empregados_ID, Primeiro_Nome, Ultimo_Nome, EMail, Telefone, Cargo_ID, Salario, Gerente_ID, Depto_ID) VALUES
(122,'Payam','Kaufling','PKAUFLIN','6501233234',12,7900.00,100,50);
INSERT INTO EMPREGADOS (Empregados_ID, Primeiro_Nome, Ultimo_Nome, EMail, Telefone, Cargo_ID, Salario, Gerente_ID, Depto_ID) VALUES
(123,'Shanta','Vollman','SVOLLMAN','6501234234',12,6500.00,100,50);
INSERT INTO EMPREGADOS (Empregados_ID, Primeiro_Nome, Ultimo_Nome, EMail, Telefone, Cargo_ID, Salario, Gerente_ID, Depto_ID) VALUES
(124,'Kevin','Mourgos','KMOURGOS','6501235234',12,5800.00,100,50);
INSERT INTO EMPREGADOS (Empregados_ID, Primeiro_Nome, Ultimo_Nome, EMail, Telefone, Cargo_ID, Salario, Gerente_ID, Depto_ID) VALUES
(125,'Julia','Nayer','JNAYER','6501241214',13,3200.00,120,50);
INSERT INTO EMPREGADOS (Empregados_ID, Primeiro_Nome, Ultimo_Nome, EMail, Telefone, Cargo_ID, Salario, Gerente_ID, Depto_ID) VALUES
(126,'Irene','Mikkilineni','IMIKKILI','6501241224',13,2700.00,120,50);
INSERT INTO EMPREGADOS (Empregados_ID, Primeiro_Nome, Ultimo_Nome, EMail, Telefone, Cargo_ID, Salario, Gerente_ID, Depto_ID) VALUES
(127,'James','Landry','JLANDRY','6501241334',13,2400.00,120,50);
INSERT INTO EMPREGADOS (Empregados_ID, Primeiro_Nome, Ultimo_Nome, EMail, Telefone, Cargo_ID, Salario, Gerente_ID, Depto_ID) VALUES
(128,'Steven','Markle','SMARKLE','6501241434',13,2200.00,120,50);
INSERT INTO EMPREGADOS (Empregados_ID, Primeiro_Nome, Ultimo_Nome, EMail, Telefone, Cargo_ID, Salario, Gerente_ID, Depto_ID) VALUES
(129,'Laura','Bissot','LBISSOT','6501245234',13,3300.00,121,50);
INSERT INTO EMPREGADOS (Empregados_ID, Primeiro_Nome, Ultimo_Nome, EMail, Telefone, Cargo_ID, Salario, Gerente_ID, Depto_ID) VALUES
(130,'Mozhe','Atkinson','MATKINSO','6501246234',13,2800.00,121,50);
INSERT INTO EMPREGADOS (Empregados_ID, Primeiro_Nome, Ultimo_Nome, EMail, Telefone, Cargo_ID, Salario, Gerente_ID, Depto_ID) VALUES
(131,'James','Marlow','JAMRLOW','6501247234',13,2500.00,121,50);
INSERT INTO EMPREGADOS (Empregados_ID, Primeiro_Nome, Ultimo_Nome, EMail, Telefone, Cargo_ID, Salario, Gerente_ID, Depto_ID) VALUES
(132,'TJ','Olson','TJOLSON','6501248234',13,2100.00,121,50);
INSERT INTO EMPREGADOS (Empregados_ID, Primeiro_Nome, Ultimo_Nome, EMail, Telefone, Cargo_ID, Salario, Gerente_ID, Depto_ID) VALUES
(133,'Jason','Mallin','JMALLIN','6501271934',13,3300.00,122,50);
INSERT INTO EMPREGADOS (Empregados_ID, Primeiro_Nome, Ultimo_Nome, EMail, Telefone, Cargo_ID, Salario, Gerente_ID, Depto_ID) VALUES
(134,'Michael','Rogers','MROGERS','6501271834',13,2900.00,122,50);
INSERT INTO EMPREGADOS (Empregados_ID, Primeiro_Nome, Ultimo_Nome, EMail, Telefone, Cargo_ID, Salario, Gerente_ID, Depto_ID) VALUES
(135,'Ki','Gee','KGEE','6501271734',13,2400.00,122,50);
INSERT INTO EMPREGADOS (Empregados_ID, Primeiro_Nome, Ultimo_Nome, EMail, Telefone, Cargo_ID, Salario, Gerente_ID, Depto_ID) VALUES
(136,'Hazel','Philtanker','HPHILTAN','6501271634',13,2200.00,122,50);
INSERT INTO EMPREGADOS (Empregados_ID, Primeiro_Nome, Ultimo_Nome, EMail, Telefone, Cargo_ID, Salario, Gerente_ID, Depto_ID) VALUES
(137,'Renske','Ladwig','RLADWIG','6501211234',13,3600.00,123,50);
INSERT INTO EMPREGADOS (Empregados_ID, Primeiro_Nome, Ultimo_Nome, EMail, Telefone, Cargo_ID, Salario, Gerente_ID, Depto_ID) VALUES
(138,'Stephen','Stiles','SSTILES','6501212034',13,3200.00,123,50);
INSERT INTO EMPREGADOS (Empregados_ID, Primeiro_Nome, Ultimo_Nome, EMail, Telefone, Cargo_ID, Salario, Gerente_ID, Depto_ID) VALUES
(139,'John','Seo','JSEO','6501212019',13,2700.00,123,50);
INSERT INTO EMPREGADOS (Empregados_ID, Primeiro_Nome, Ultimo_Nome, EMail, Telefone, Cargo_ID, Salario, Gerente_ID, Depto_ID) VALUES
(140,'Joshua','Patel','JPATEL','6501211834',13,2500.00,123,50);
INSERT INTO EMPREGADOS (Empregados_ID, Primeiro_Nome, Ultimo_Nome, EMail, Telefone, Cargo_ID, Salario, Gerente_ID, Depto_ID) VALUES
(141,'Trenna','Rajs','TRAJS','6501218009',13,3500.00,124,50);
INSERT INTO EMPREGADOS (Empregados_ID, Primeiro_Nome, Ultimo_Nome, EMail, Telefone, Cargo_ID, Salario, Gerente_ID, Depto_ID) VALUES
(142,'Curtis','Davies','CDAVIES','6501212994',13,3100.00,124,50);
INSERT INTO EMPREGADOS (Empregados_ID, Primeiro_Nome, Ultimo_Nome, EMail, Telefone, Cargo_ID, Salario, Gerente_ID, Depto_ID) VALUES
(143,'Randall','Matos','RMATOS','6501212874',13,2600.00,124,50);
INSERT INTO EMPREGADOS (Empregados_ID, Primeiro_Nome, Ultimo_Nome, EMail, Telefone, Cargo_ID, Salario, Gerente_ID, Depto_ID) VALUES
(144,'Peter','Vargas','PVARGAS','6501212004',13,2500.00,124,50);
INSERT INTO EMPREGADOS (Empregados_ID, Primeiro_Nome, Ultimo_Nome, EMail, Telefone, Cargo_ID, Salario, Gerente_ID, Depto_ID) VALUES
(145,'John','Russell','JRUSSEL','011.44.1344.429268',8,14000.00,100,80);
INSERT INTO EMPREGADOS (Empregados_ID, Primeiro_Nome, Ultimo_Nome, EMail, Telefone, Cargo_ID, Salario, Gerente_ID, Depto_ID) VALUES
(146,'Karen','Partners','KPARTNER','011.44.1344.467268',8,13500.00,100,80);
INSERT INTO EMPREGADOS (Empregados_ID, Primeiro_Nome, Ultimo_Nome, EMail, Telefone, Cargo_ID, Salario, Gerente_ID, Depto_ID) VALUES
(147,'Alberto','Errazuriz','AERRAZUR','011.44.1344.429278',8,12000.00,100,80);
INSERT INTO EMPREGADOS (Empregados_ID, Primeiro_Nome, Ultimo_Nome, EMail, Telefone, Cargo_ID, Salario, Gerente_ID, Depto_ID) VALUES
(148,'Gerald','Cambrault','GCAMBRAU','011.44.1344.619268',8,11000.00,100,80);
INSERT INTO EMPREGADOS (Empregados_ID, Primeiro_Nome, Ultimo_Nome, EMail, Telefone, Cargo_ID, Salario, Gerente_ID, Depto_ID) VALUES
(149,'Eleni','Zlotkey','EZLOTKEY','011.44.1344.429018',8,10500.00,100,80);
INSERT INTO EMPREGADOS (Empregados_ID, Primeiro_Nome, Ultimo_Nome, EMail, Telefone, Cargo_ID, Salario, Gerente_ID, Depto_ID) VALUES
(150,'Peter','Tucker','PTUCKER','011.44.1344.129268',9,10000.00,145,80);
INSERT INTO EMPREGADOS (Empregados_ID, Primeiro_Nome, Ultimo_Nome, EMail, Telefone, Cargo_ID, Salario, Gerente_ID, Depto_ID) VALUES
(151,'David','Bernstein','DBERNSTE','011.44.1344.345268',9,9500.00,145,80);
INSERT INTO EMPREGADOS (Empregados_ID, Primeiro_Nome, Ultimo_Nome, EMail, Telefone, Cargo_ID, Salario, Gerente_ID, Depto_ID) VALUES
(152,'Peter','Hall','PHALL','011.44.1344.478968',9,9000.00,145,80);
INSERT INTO EMPREGADOS (Empregados_ID, Primeiro_Nome, Ultimo_Nome, EMail, Telefone, Cargo_ID, Salario, Gerente_ID, Depto_ID) VALUES
(153,'Christopher','Olsen','COLSEN','011.44.1344.498718',9,8000.00,145,80);
INSERT INTO EMPREGADOS (Empregados_ID, Primeiro_Nome, Ultimo_Nome, EMail, Telefone, Cargo_ID, Salario, Gerente_ID, Depto_ID) VALUES
(154,'Nanette','Cambrault','NCAMBRAU','011.44.1344.987668',9,7500.00,145,80);
INSERT INTO EMPREGADOS (Empregados_ID, Primeiro_Nome, Ultimo_Nome, EMail, Telefone, Cargo_ID, Salario, Gerente_ID, Depto_ID) VALUES
(155,'Oliver','Tuvault','OTUVAULT','011.44.1344.486508',9,7000.00,145,80);
INSERT INTO EMPREGADOS (Empregados_ID, Primeiro_Nome, Ultimo_Nome, EMail, Telefone, Cargo_ID, Salario, Gerente_ID, Depto_ID) VALUES
(156,'Janette','King','JKING','011.44.1345.429268',9,10000.00,146,80);
INSERT INTO EMPREGADOS (Empregados_ID, Primeiro_Nome, Ultimo_Nome, EMail, Telefone, Cargo_ID, Salario, Gerente_ID, Depto_ID) VALUES
(157,'Patrick','Sully','PSULLY','011.44.1345.929268',9,9500.00,146,80);
INSERT INTO EMPREGADOS (Empregados_ID, Primeiro_Nome, Ultimo_Nome, EMail, Telefone, Cargo_ID, Salario, Gerente_ID, Depto_ID) VALUES
(158,'Allan','McEwen','AMCEWEN','011.44.1345.829268',9,9000.00,146,80);
INSERT INTO EMPREGADOS (Empregados_ID, Primeiro_Nome, Ultimo_Nome, EMail, Telefone, Cargo_ID, Salario, Gerente_ID, Depto_ID) VALUES
(159,'Lindsey','Smith','LSMITH','011.44.1345.729268',9,8000.00,146,80);
INSERT INTO EMPREGADOS (Empregados_ID, Primeiro_Nome, Ultimo_Nome, EMail, Telefone, Cargo_ID, Salario, Gerente_ID, Depto_ID) VALUES
(160,'Louise','Doran','LDORAN','011.44.1345.629268',9,7500.00,146,80);
INSERT INTO EMPREGADOS (Empregados_ID, Primeiro_Nome, Ultimo_Nome, EMail, Telefone, Cargo_ID, Salario, Gerente_ID, Depto_ID) VALUES
(161,'Sarath','Sewall','SSEWALL','011.44.1345.529268',9,7000.00,146,80);
INSERT INTO EMPREGADOS (Empregados_ID, Primeiro_Nome, Ultimo_Nome, EMail, Telefone, Cargo_ID, Salario, Gerente_ID, Depto_ID) VALUES
(162,'Clara','Vishney','CVISHNEY','011.44.1346.129268',9,10500.00,147,80);
INSERT INTO EMPREGADOS (Empregados_ID, Primeiro_Nome, Ultimo_Nome, EMail, Telefone, Cargo_ID, Salario, Gerente_ID, Depto_ID) VALUES
(163,'Danielle','Greene','DGREENE','011.44.1346.229268',9,9500.00,147,80);
INSERT INTO EMPREGADOS (Empregados_ID, Primeiro_Nome, Ultimo_Nome, EMail, Telefone, Cargo_ID, Salario, Gerente_ID, Depto_ID) VALUES
(164,'Mattea','Marvins','MMARVINS','011.44.1346.329268',9,7200.00,147,80);
INSERT INTO EMPREGADOS (Empregados_ID, Primeiro_Nome, Ultimo_Nome, EMail, Telefone, Cargo_ID, Salario, Gerente_ID, Depto_ID) VALUES
(165,'David','Lee','DLEE','011.44.1346.529268',9,6800.00,147,80);
INSERT INTO EMPREGADOS (Empregados_ID, Primeiro_Nome, Ultimo_Nome, EMail, Telefone, Cargo_ID, Salario, Gerente_ID, Depto_ID) VALUES
(166,'Sundar','Ande','SANDE','011.44.1346.629268',9,6400.00,147,80);
INSERT INTO EMPREGADOS (Empregados_ID, Primeiro_Nome, Ultimo_Nome, EMail, Telefone, Cargo_ID, Salario, Gerente_ID, Depto_ID) VALUES
(167,'Amit','Banda','ABANDA','011.44.1346.729268',9,6200.00,147,80);
INSERT INTO EMPREGADOS (Empregados_ID, Primeiro_Nome, Ultimo_Nome, EMail, Telefone, Cargo_ID, Salario, Gerente_ID, Depto_ID) VALUES
(168,'Lisa','Ozer','LOZER','011.44.1343.929268',9,11500.00,148,80);
INSERT INTO EMPREGADOS (Empregados_ID, Primeiro_Nome, Ultimo_Nome, EMail, Telefone, Cargo_ID, Salario, Gerente_ID, Depto_ID) VALUES
(169,'Harrison','Bloom','HBLOOM','011.44.1343.829268',9,10000.00,148,80);
INSERT INTO EMPREGADOS (Empregados_ID, Primeiro_Nome, Ultimo_Nome, EMail, Telefone, Cargo_ID, Salario, Gerente_ID, Depto_ID) VALUES
(170,'Tayler','Fox','TFOX','011.44.1343.729268',9,9600.00,148,80);
INSERT INTO EMPREGADOS (Empregados_ID, Primeiro_Nome, Ultimo_Nome, EMail, Telefone, Cargo_ID, Salario, Gerente_ID, Depto_ID) VALUES
(171,'William','Smith','WSMITH','011.44.1343.629268',9,7400.00,148,80);
INSERT INTO EMPREGADOS (Empregados_ID, Primeiro_Nome, Ultimo_Nome, EMail, Telefone, Cargo_ID, Salario, Gerente_ID, Depto_ID) VALUES
(172,'Elizabeth','Bates','EBATES','011.44.1343.529268',9,7300.00,148,80);
INSERT INTO EMPREGADOS (Empregados_ID, Primeiro_Nome, Ultimo_Nome, EMail, Telefone, Cargo_ID, Salario, Gerente_ID, Depto_ID) VALUES
(173,'Sundita','Kumar','SKUMAR','011.44.1343.329268',9,6100.00,148,80);
INSERT INTO EMPREGADOS (Empregados_ID, Primeiro_Nome, Ultimo_Nome, EMail, Telefone, Cargo_ID, Salario, Gerente_ID, Depto_ID) VALUES
(174,'Ellen','Abel','EABEL','011.44.1644.429267',9,11000.00,149,80);
INSERT INTO EMPREGADOS (Empregados_ID, Primeiro_Nome, Ultimo_Nome, EMail, Telefone, Cargo_ID, Salario, Gerente_ID, Depto_ID) VALUES
(175,'Alyssa','Hutton','AHUTTON','011.44.1644.429266',9,8800.00,149,80);
INSERT INTO EMPREGADOS (Empregados_ID, Primeiro_Nome, Ultimo_Nome, EMail, Telefone, Cargo_ID, Salario, Gerente_ID, Depto_ID) VALUES
(176,'Jonathon','Taylor','JTAYLOR','011.44.1644.429265',9,8600.00,149,80);
INSERT INTO EMPREGADOS (Empregados_ID, Primeiro_Nome, Ultimo_Nome, EMail, Telefone, Cargo_ID, Salario, Gerente_ID, Depto_ID) VALUES
(177,'Jack','Livingston','JLIVINGS','011.44.1644.429264',9,8400.00,149,80);
INSERT INTO EMPREGADOS (Empregados_ID, Primeiro_Nome, Ultimo_Nome, EMail, Telefone, Cargo_ID, Salario, Gerente_ID, Depto_ID) VALUES
(178,'Kimberely','Grant','KGRANT','011.44.1644.429263',9,7000.00,149,80);
INSERT INTO EMPREGADOS (Empregados_ID, Primeiro_Nome, Ultimo_Nome, EMail, Telefone, Cargo_ID, Salario, Gerente_ID, Depto_ID) VALUES
(179,'Charles','Johnson','CJOHNSON','011.44.1644.429262',9,6200.00,149,80);
INSERT INTO EMPREGADOS (Empregados_ID, Primeiro_Nome, Ultimo_Nome, EMail, Telefone, Cargo_ID, Salario, Gerente_ID, Depto_ID) VALUES
(180,'Winston','Taylor','WTAYLOR','6505079876',14,3200.00,120,50);
INSERT INTO EMPREGADOS (Empregados_ID, Primeiro_Nome, Ultimo_Nome, EMail, Telefone, Cargo_ID, Salario, Gerente_ID, Depto_ID) VALUES
(181,'Jean','Fleaur','JFLEAUR','6505079877',14,3100.00,120,50);
INSERT INTO EMPREGADOS (Empregados_ID, Primeiro_Nome, Ultimo_Nome, EMail, Telefone, Cargo_ID, Salario, Gerente_ID, Depto_ID) VALUES
(182,'Martha','Sullivan','MSULLIVA','6505079878',14,2500.00,120,50);
INSERT INTO EMPREGADOS (Empregados_ID, Primeiro_Nome, Ultimo_Nome, EMail, Telefone, Cargo_ID, Salario, Gerente_ID, Depto_ID) VALUES
(183,'Girard','Geoni','GGEONI','6505079879',14,2800.00,120,50);
INSERT INTO EMPREGADOS (Empregados_ID, Primeiro_Nome, Ultimo_Nome, EMail, Telefone, Cargo_ID, Salario, Gerente_ID, Depto_ID) VALUES
(184,'Nandita','Sarchand','NSARCHAN','6505091876',14,4200.00,121,50);
INSERT INTO EMPREGADOS (Empregados_ID, Primeiro_Nome, Ultimo_Nome, EMail, Telefone, Cargo_ID, Salario, Gerente_ID, Depto_ID) VALUES
(185,'Alexis','Bull','ABULL','6505092876',14,4100.00,121,50);
INSERT INTO EMPREGADOS (Empregados_ID, Primeiro_Nome, Ultimo_Nome, EMail, Telefone, Cargo_ID, Salario, Gerente_ID, Depto_ID) VALUES
(186,'Julia','Dellinger','JDELLING','6505093876',14,3400.00,121,50);
INSERT INTO EMPREGADOS (Empregados_ID, Primeiro_Nome, Ultimo_Nome, EMail, Telefone, Cargo_ID, Salario, Gerente_ID, Depto_ID) VALUES
(187,'Anthony','Cabrio','ACABRIO','6505094876',14,3000.00,121,50);
INSERT INTO EMPREGADOS (Empregados_ID, Primeiro_Nome, Ultimo_Nome, EMail, Telefone, Cargo_ID, Salario, Gerente_ID, Depto_ID) VALUES
(188,'Kelly','Chung','KCHUNG','6505051876',14,3800.00,122,50);
INSERT INTO EMPREGADOS (Empregados_ID, Primeiro_Nome, Ultimo_Nome, EMail, Telefone, Cargo_ID, Salario, Gerente_ID, Depto_ID) VALUES
(189,'Jennifer','Dilly','JDILLY','6505052876',14,3600.00,122,50);
INSERT INTO EMPREGADOS (Empregados_ID, Primeiro_Nome, Ultimo_Nome, EMail, Telefone, Cargo_ID, Salario, Gerente_ID, Depto_ID) VALUES
(190,'Timothy','Gates','TGATES','6505053876',14,2900.00,122,50);
INSERT INTO EMPREGADOS (Empregados_ID, Primeiro_Nome, Ultimo_Nome, EMail, Telefone, Cargo_ID, Salario, Gerente_ID, Depto_ID) VALUES
(191,'Randall','Perkins','RPERKINS','6505054876',14,2500.00,122,50);
INSERT INTO EMPREGADOS (Empregados_ID, Primeiro_Nome, Ultimo_Nome, EMail, Telefone, Cargo_ID, Salario, Gerente_ID, Depto_ID) VALUES
(192,'Sarah','Bell','SBELL','6505011876',14,4000.00,123,50);
INSERT INTO EMPREGADOS (Empregados_ID, Primeiro_Nome, Ultimo_Nome, EMail, Telefone, Cargo_ID, Salario, Gerente_ID, Depto_ID) VALUES
(193,'Britney','Everett','BEVERETT','6505012876',14,3900.00,123,50);
INSERT INTO EMPREGADOS (Empregados_ID, Primeiro_Nome, Ultimo_Nome, EMail, Telefone, Cargo_ID, Salario, Gerente_ID, Depto_ID) VALUES
(194,'Samuel','McCain','SMCCAIN','6505013876',14,3200.00,123,50);
INSERT INTO EMPREGADOS (Empregados_ID, Primeiro_Nome, Ultimo_Nome, EMail, Telefone, Cargo_ID, Salario, Gerente_ID, Depto_ID) VALUES
(195,'Vance','Jones','VJONES','6505014876',14,2800.00,123,50);
INSERT INTO EMPREGADOS (Empregados_ID, Primeiro_Nome, Ultimo_Nome, EMail, Telefone, Cargo_ID, Salario, Gerente_ID, Depto_ID) VALUES
(196,'Alana','Walsh','AWALSH','6505079811',14,3100.00,124,50);
INSERT INTO EMPREGADOS (Empregados_ID, Primeiro_Nome, Ultimo_Nome, EMail, Telefone, Cargo_ID, Salario, Gerente_ID, Depto_ID) VALUES
(197,'Kevin','Feeney','KFEENEY','6505079822',14,3000.00,124,50);
INSERT INTO EMPREGADOS (Empregados_ID, Primeiro_Nome, Ultimo_Nome, EMail, Telefone, Cargo_ID, Salario, Gerente_ID, Depto_ID) VALUES
(198,'Donald','OConnell','DOCONNEL','6505079833',14,2600.00,124,50);
INSERT INTO EMPREGADOS (Empregados_ID, Primeiro_Nome, Ultimo_Nome, EMail, Telefone, Cargo_ID, Salario, Gerente_ID, Depto_ID) VALUES
(199,'Douglas','Grant','DGRANT','6505079844',14,2600.00,124,50);
INSERT INTO EMPREGADOS (Empregados_ID, Primeiro_Nome, Ultimo_Nome, EMail, Telefone, Cargo_ID, Salario, Gerente_ID, Depto_ID) VALUES
(200,'Jennifer','Whalen','JWHALEN','5151234444',3,4400.00,101,10);
INSERT INTO EMPREGADOS (Empregados_ID, Primeiro_Nome, Ultimo_Nome, EMail, Telefone, Cargo_ID, Salario, Gerente_ID, Depto_ID) VALUES
(201,'Michael','Hartstein','MHARTSTE','5151235555',16,13000.00,100,20);
INSERT INTO EMPREGADOS (Empregados_ID, Primeiro_Nome, Ultimo_Nome, EMail, Telefone, Cargo_ID, Salario, Gerente_ID, Depto_ID) VALUES
(202,'Pat','Fay','PFAY','6031236666',17,6000.00,201,20);
INSERT INTO EMPREGADOS (Empregados_ID, Primeiro_Nome, Ultimo_Nome, EMail, Telefone, Cargo_ID, Salario, Gerente_ID, Depto_ID) VALUES
(203,'Susan','Mavris','SMAVRIS','5151237777',18,6500.00,101,40);
INSERT INTO EMPREGADOS (Empregados_ID, Primeiro_Nome, Ultimo_Nome, EMail, Telefone, Cargo_ID, Salario, Gerente_ID, Depto_ID) VALUES
(204,'Hermann','Baer','HBAER','5151238888',19,10000.00,101,70);
INSERT INTO EMPREGADOS (Empregados_ID, Primeiro_Nome, Ultimo_Nome, EMail, Telefone, Cargo_ID, Salario, Gerente_ID, Depto_ID) VALUES
(205,'Shelley','Higgins','SHIGGINS','5151238080',6,12000.00,101,110);
INSERT INTO EMPREGADOS (Empregados_ID, Primeiro_Nome, Ultimo_Nome, EMail, Telefone, Cargo_ID, Salario, Gerente_ID, Depto_ID) VALUES
(206,'William','Gietz','WGIETZ','5151238181',7,8300.00,205,110);


-- Exercicio 
-- Aluno: Henrique Gonçalves Ferreira
-- Matricula: 201910499
-- Curso: TADS

-- Questão 3.1 Criar a tabela para armazenar as informações

use rh;

create table if not exists AUDITORIA(
ID_AUDITORIA int auto_increment,
DT_EVENTO datetime,
ST_USUARIO varchar(60),
ST_TABELA varchar(60),
ST_OPERACAO	varchar(10),
ST_VLR_ANTIGO varchar(1000),
ST_VLR_NOVO	varchar(1000),
primary key (ID_AUDITORIA)
)engine = innodb;


-- 3.2.	Criar uma Trigger para armazenar os dados inseridos na tabela
 
Delimiter $$
create trigger tr_inseridos 
after insert on Empregados
for each row
begin
declare valores_inseridos varchar(1000);
set valores_inseridos = concat(new.Empregados_ID,"/",new.Primeiro_Nome,"/",new.Ultimo_Nome,"/",new.EMail,"/",new.Telefone,"/",new.Cargo_ID,"/",new.Salario,"/",new.Depto_ID,"/",new.Gerente_ID);
	insert into auditoria (DT_EVENTO,ST_USUARIO,ST_TABELA,ST_OPERACAO,ST_VLR_ANTIGO,ST_VLR_NOVO)
	values (now(),user(),"Empregados","Insert",null,valores_inseridos);
end $$
Delimiter ;

-- 3.3.	Criar uma Trigger para armazenar os dados alterados na tabela 

Delimiter $$
create trigger tr_atualizados 
after update on Empregados
for each row
begin
declare valores_alterados varchar(1000);
declare valores_antigos varchar(1000);
set valores_alterados = concat(new.Empregados_ID,"/",new.Primeiro_Nome,"/",new.Ultimo_Nome,"/",new.EMail,"/",new.Telefone,"/",new.Cargo_ID,"/",new.Salario,"/",new.Depto_ID,"/",new.Gerente_ID);
set valores_antigos = concat(old.Empregados_ID,"/",old.Primeiro_Nome,"/",old.Ultimo_Nome,"/",old.EMail,"/",old.Telefone,"/",old.Cargo_ID,"/",old.Salario,"/",old.Depto_ID,"/",old.Gerente_ID);
    insert into auditoria (DT_EVENTO,ST_USUARIO,ST_TABELA,ST_OPERACAO,ST_VLR_ANTIGO,ST_VLR_NOVO)
	values (now(),user(),"Empregados","Update",valores_antigos,valores_alterados);
end $$
Delimiter ;

-- 3.4.	Criar uma Trigger para armazenar os dados excluídos da tabela 

Delimiter $$
create trigger tr_deletados 
after delete on Empregados
for each row
begin
declare valores_deletados varchar(1000);
set valores_deletados = concat(old.Empregados_ID,"/",old.Primeiro_Nome,"/",old.Ultimo_Nome,"/",old.EMail,"/",old.Telefone,"/",old.Cargo_ID,"/",old.Salario,"/",old.Depto_ID,"/",old.Gerente_ID);
    insert into auditoria (DT_EVENTO,ST_USUARIO,ST_TABELA,ST_OPERACAO,ST_VLR_ANTIGO,ST_VLR_NOVO)
	values (now(),user(),"Empregados","Delete",valores_deletados,null);
end $$
Delimiter ;

-- 3.5.	Criar um novo usuário no banco de dados para testar a trigger 

create user 'operador'@'127.0.0.1' identified by 'operador';
grant select, insert, update, delete on EMPREGADOS to 'operador'@'127.0.0.1';
grant select, insert, update, delete on auditoria to 'operador'@'127.0.0.1';
flush privileges;

use rh;

insert into EMPREGADOS (Empregados_ID, Primeiro_Nome, Ultimo_Nome, EMail, Telefone, Cargo_ID, Salario, Gerente_ID, Depto_ID) values
(211,'Carlos','Silva','Email','123456789',5,5.00,205,110);

insert into EMPREGADOS (Empregados_ID, Primeiro_Nome, Ultimo_Nome, EMail, Telefone, Cargo_ID, Salario, Gerente_ID, Depto_ID) values
(210,'Henrique','Ferreira','Email','97654321',1,8888.00,205,110);

update EMPREGADOS set Salario = 5.500 where Empregados_ID = 211;

delete from EMPREGADOS where Empregados_ID = 211;

select * from auditoria;







